Réponse	Soumis le :	Institution	Département	Cours	Groupe	ID	Nom complet	Nom d'utilisateur	Q01_Adresse	Q02_Mise->Parcours->TMMD	Q03_Mise->Parcours->LSR	Q04_Mise->Option1->MIV	Q05_Mise->Option1->IRF	Q06_Mise->Option2->IA	Q07_Mise->Option2->RV	Q08_Arg1->Parcours->TMMD	Q09_Arg2->Parcours->TMMD	Q10_Arg3->Parcours->TMMD	Q11_Arg1->Parcours->LSR	Q12_Arg2->Parcours->LSR	Q13_Arg3->Parcours->LSR	Q14_Arg1->Option1->MIV	Q15_Arg2->Option1->MIV	Q16_Arg3->Option1->MIV	Q17_Arg1->Option1->IRF	Q18_Arg2->Option1->IRF	Q19_Arg3->Option1->IRF	Q20_Arg1->Option2->IA	Q21_Arg2->Option2->IA	Q22_Arg3->Option2->IA	Q23_Arg1->Option2->RV	Q24_Arg2->Option2->RV	Q25_Arg3->Option2->RV	Q26_Pref->Parcours->TMMD	Q26_Pref->Parcours->LSR	Q26_Pref->Option2->MIV	Q26_Pref->Option2->IRF	Q26_Pref->Option1->IA	Q26_Pref->Option1->RV	Q27_Debrief-Fairness	Q28_Debrief-CommentaireProc	Q29_Debrief-CommentaireQuest
2990	20/07/2017 18:38:02			Choix des modules, parcours, options, cours		3861	Peggy Cellier-Bellina (Etudiant)	pcellier	Peggy.cellier@irisa.fr	2	0	6	0	0	0	Je le veux !												Je n'en veux pas						6	1	4	5	3	2	1 : Oui		
2991	20/07/2017 18:39:16			Choix des modules, parcours, options, cours		8	Jean-Paul Mittaud (Etudiant)	insa	peggy.cellier@insa-rennes.fr	8	0	0	8	8	0	Celui là oui...																		4	1	3	5	2	6	1 : Oui		
2992	20/07/2017 18:40:52			Choix des modules, parcours, options, cours		6	Sophie Du chêne (Etudiant)	tata	cellier.peggy@gmail.com	4	0	4	0	0	0																			5	6	4	3	2	1	1 : Oui		
2993	20/07/2017 18:41:48			Choix des modules, parcours, options, cours		3	Hedi-Théo Ferré (Etudiant)	toto	toto@gmail.com	8	0	0	0	0	0																			1	2	3	4	5	6	1 : Oui	Blabla	Blabla et bloubou
2994	20/07/2017 18:42:51			Choix des modules, parcours, options, cours		38	Klàmé D'Houarec (Etudiant)	query	query@gmail.com	2	0	2	0	2	0	Voici mon premier argumentait pour cette option extraordinaire.																		1	4	2	5	3	6	1 : Oui		
2995	20/07/2017 18:45:51			Choix des modules, parcours, options, cours		3861	Peggy Cellier-Bellina (Etudiant)	pcellier	Peggy.cellier@irisa.fr	1	0	3	0	4	0	Argument 1. Avec des caractères spéciaux	Argument 2. Avec d'autres caractères spéciaux !	Argument 3. Avec des caractères spéciaux - 'enfin' je voulais dire que (35 ans) c'est jeune													Essai d'argumentaire mélangé			3	4	2	5	1	6	1 : Oui		
2997	20/07/2017 18:47:51			Choix des modules, parcours, options, cours		386	La Bougrain du Bourg (Etudiant)	laziza	laziza	1	0	0	2	0	20																			2	1	4	3	6	5	5 : Ne se prononce pas		
2993	20/07/2017 18:41:48			Choix des modules, parcours, options, cours		3	Hedi-Théo Ferré (Etudiant)	toto	toto@gmail.com	1	0	0	0	0	0																			1	2	3	4	5	6	1 : Oui	Blabla	Blabla et bloubou
2995	20/07/2017 18:45:51			Choix des modules, parcours, options, cours		2	Lana H. Lawrenceù (Etudiant)	lana	lana@irisa.fr	1	0	3	0	4	0	Argument 1. Avec des caractères spéciaux	Argument 2. Avec d'autres caractères spéciaux !	Argument 3. Avec des caractères spéciaux - 'enfin' je voulais dire que (35 ans) c'est jeune													Essai d'argumentaire mélangé			3	4	2	5	1	6	1 : Oui		
